cedula,nombre,operacion,causal,fecha_evento,observacion,soporte
1094893825,"YONATAN JIMENEZ MARIN",2060,,,,
98215406,"CARLOS ARMANDO GARCIA SALAS",2254,,,,
15875589,"HUGO ROMAN HERRERA ANGULO",2274,,,,
1117542840,"CARLOS ANDRES HERRERA PEREZ",2387,,,,
28687331,"LEONOR QUEZADA REYES",2419,,,,
72256323,"GUSTAVO ADOLFO BERMUDEZ TAPIA",2482,,,,
1111807769,"JORGE ARVEY LEMOS RIASCOS",2487,,,,
1120006051,"CARLOS ANDRES PEÑA CAMPOS",2513,,,,
1081183120,"JAIR ANDREY HIDALGO PERDOMO",2561,,,,
1221972982,"JULIAN DAVID GARCIA HERNANDEZ",2566,,,,
18370370,"CARLOS ALBERTO TORO TABORDA",2589,,,,
19237557,"JESUS MARIA DIAZ",2592,,,,
19139618,"ALVARO CARRILLO OSORIO",2634,,,,
19303411,"LUIS FELIPE SANCHEZ SUAREZ",2729,,,,
28732120,"Gladys Guayabo Amortegui",2826,,,,
84451854,"Rafael Antonio Toncel Martinez",2828,,,,
1113634954,"JHON FREDDY POLANIA BAHAMON",2876,,,,
43144897,"SHIRLEY MARIA HENAO PUELLO",2890,,,,
1067467367,"GUSTAVO ADOLFO FRANCO SUAZA",2908,,,,
1003377049,"OSCAR EDUARDO ACUÑA DAZA",2942,,,,
19210241,"HECTOR HERNANDO RUIZ RODRIGUEZ",2994,,,,
1221968307,"JOSE FABIAN CAMARGO VIZCAINO",3014,,,,
1123514545,"Jhon Helder Rodriguez Martinez",3025,,,,
1001829659,"LUIS CARLOS ALVAREZ BORJA",3090,,,,
1003812337,"CRISTIAN ANDRES MEDINA BAHAMON",3121,,,,
1003169064,"Pedro Rafael Rojas Cadena",3143,,,,
1090375858,"Jorge Andres Lozano Lizcano",3187,,,,
77090306,"EDER ALEXANDER NAVARRO LARA",3193,,,,
1118813161,"MARTIN BOURIYU EPINAYU",3239,,,,
1075282688,"Gerson Jair Moncada Londoño",3249,,,,
65783188,"Ana Lucia Restrepo Hernandez",3250,,,,
1093920572,"ALGER RICARDO OVALLES RIVEROS",3266,,,,
900519994-1,Bioasesores,3296,,,,
2758973,"NESTOR ESTEBAN FALON SAEZ",3315,,,,
77194979,"EVER JOSE BELEÑO BENAVIDEZ",3394,,,,
1061539911,"JONATHAN PILLIMUE VILLANI",3410,,,,
1098614669,"Elisa Marcela Pachon Barboza",3517,,,,
91515124,"Edinson Forero Romero",3532,,,,
1005604778,"WILSON DAVID ZUÑIGA GOMEZ",3533,,,,
1016109524,"Javier Andres Moreno Barrero",3541,,,,
17689042,"EDINSON ALBERTO GRAJALES MORENO",3563,,,,
1065823407,"Brando Erasmo Quintero Sanchez",3621,,,,
1121044485,"YASMIR JOSE DIAZ CARDENAS",3657,,,,
1006487158,"EDWARD ANDRES MUÑOZ JAMIOY",3674,,,,
79163431,"JUAN DE JESUS RINCON SUAREZ",3698,,,,
1033374648,"Everaldo Valdelamar Ortega",3712,,,,
65820448,"Marly Astrid Monje Cita",3731,,,,
4464202,"Hector Hernan Garcia Restrepo",3740,,,,
1065640235,"EDUARDO LUIS ORTIZ QUIROZ",3746,,,,
1057600732,"Cristhian Camilo Galindo Bermudez",3756,,,,
51808730,"Flor del Carmen Medina Martin",3761,,,,
21226305,"MARIA DEL CARMEN TACHA FUENTES",3778,,,,
19070458,"CIRO JOSE BAUTISTA LADINO",3834,,,,
69800125,"Luz Nelly Aleman Mejia",3846,,,,
1053585198,"CRISTHIAN LEONARDO BARRAGAN MALAVER",3855,,,,
2083540,"LUIS ANTONIO NARANJO SIERRA",3895,,,,
1065615025,"CRISTIAN MIGUEL URINA SERNA",3905,,,,
80088518,"Julian Alejandro Bonilla Sanchez",3909,,,,
1089078094,"Hemer Alexander Pajajoy Martinez",3975,,,,
69800842,"MARITZA ALEMAN HERNANDEZ",3981,,,,
14677884,"Jonathan Guzman Molina",3983,,,,
40371444,"ALBA RUBIDIA RESTREPO QUIÑONEZ",3991,,,,
11373270,"EDGAR JAIR DIAZ GARCIA",4004,,,,
1070606790,"CRISTIAN ORLANDO PRADA QUESADA",4023,,,,
800202163-1,"SANCHEZ GOMEZ Y CIA LTDA",4044,,,,
6356450,"HECTOR FABIO GIRON MORENO",4045,,,,
26940246,"MARTHA CECILIA CALDERON",4124,,,,
41406850,"GLADYS INES VARGAS DE NOVOA",4134,,,,
69802312,"ANA LILIANA GIRALDO GOMEZ",4139,,,,
1075294574,"Sergio Stivenson Uni Cantor",4141,,,,
19052204,"CARLOS OMAR BERMUDEZ",4158,,,,
4464202,"Hector Hernan Garcia Restrepo",4169,,,,
17303862,"MARCO FIDEL RODRIGUEZ GAITAN",4174,,,,
79760664,"Luis Alberto Arroyo morales",4180,,,,
1106713222,"Alejandro Amaya Lozano",4189,,,,
1091653793,"Jonh Jairo Haro Gelves",4202,,,,
3295658,"PROSPERO EMILIANO BAQUERO BARBOSA",4295,,,,
19112558,"CARLOS ERNESTO ZAMUDIO SANCHEZ",4311,,,,
3295658,"PROSPERO EMILIANO BAQUERO BARBOSA",4328,,,,
1002276697,"Jimmi Badillo Quiroz",4346,,,,
5591988,"ALFREDO JULIO ESTRELLA SAENZ",4352,,,,
21173153,"Nelly Moreno Rodriguez",4366,,,,
11373270,"EDGAR JAIR DIAZ GARCIA",4423,,,,
78697226,"URBANO PAEZ MARTINEZ",4468,,,,
9273904,"Cecil Alfonso Morales Suarez",4493,,,,
80424468,"HERIBERTO PINTO CASTILLO",4511,,,,
17136330,"ROGELIO CHAPARRO GOMEZ",4518,,,,
69801275,"Consuelo Agudelo Rivera",4600,,,,
53006565,"SONIA SERNA ARIZA",4609,,,,
1090389802,"Denis Alfredo Manzano Jauregui",4617,,,,
1083571151,"Jorge Luis Hernandez Obispo",4618,,,,
19135426,"JUAN ALBERTO MIRA JIMENEZ",4629,,,,
17343550,"JUAN JOSE HERRERA BELTRAN",4637,,,,
80828230,"Gabriel Rodrigo Melo Tovar",4644,,,,
1045691292,"MIGUEL ALFONSO VELASQUEZ SANDOVAL",4650,,,,
9738680,"Carlos Andres Lopez Betancourt",4672,,,,
65585274,"BLANCA LIGIA GUZMAN GUZMAN",4680,,,,
18201945,"Luis Enrique Perez Garcia",4699,,,,
19199272,"MIGUEL ANGEL DIAZ RIVERA",4714,,,,
57406496,"NETTY VILLEGAS CRESPO",4734,,,,
11373270,"EDGAR JAIR DIAZ GARCIA",4737,,,,
17136330,"ROGELIO CHAPARRO GOMEZ",4760,,,,
13993336,"Israel Sanchez Martinez",4784,,,,
1065564989,"Jhon Humberto Pineda Martinez",4790,,,,
1110565678,"Jhoandy Mar Pinzon Murillo",4805,,,,
21237990,"GLADYS VELASQUEZ DIAZ",4824,,,,
28789202,"Sandra Milena Rojas Aya",4878,,,,
84093692,"HILDE JAVIER PIMIENTA PATIÑO",4914,,,,
43655733,"YULIETH DEL ROSARIO RESTREPO",4929,,,,
1125472479,"Paola Andrea Botero Londoño",4930,,,,
18202609,"Alfonso Veloz Garcia",4953,,,,
17303862,"MARCO FIDEL RODRIGUEZ GAITAN",4961,,,,
26940246,"MARTHA CECILIA CALDERON",4964,,,,
1120742118,"Edeiber Saith Solano Campuzano",4978,,,,
41406850,"GLADYS INES VARGAS DE NOVOA",4999,,,,
93461466,"Angel Albeiro Garcia Valera",5017,,,,
19164048,"CARLOS ARMANDO ACOSTA",5019,,,,
1065645175,"Brayan David Maestre Tejedor",5033,,,,
1121922059,"JHONATAN JARAMILLO GIL",5043,,,,
39522219,"Maria del Pilar Castro Bernal",5086,,,,
1117502442,"Jeferson Erley Florez Medina",5090,,,,
21173153,"Nelly Moreno Rodriguez",5093,,,,
1051817306,"Gabriel Enrique Yepez Polo",5099,,,,
1003854262,"Walner Mosquera Murillo",5109,,,,
1042348582,"BERTHONY DE JESUS BORJA CASTRO",5113,,,,
1045433109,"GENNYI LARRY RUIZ RUIZ",5135,,,,
1121923180,"Joan Andres Aguirre Ceballos",5162,,,,
17303862,"MARCO FIDEL RODRIGUEZ GAITAN",5163,,,,
1062324661,"Edwin Alexis Gutierrez Menardo",5172,,,,
1098776002,"Jhoan Fernando Acevedo Garcia",5197,,,,
18201029,"Salvador Cañon Cortes",5216,,,,
17300997,"MARCOS OBDULIO CASTRO MOYANO",5218,,,,
73190583,"Roberto Carlos Molina Peña",5236,,,,
1028011377,"Jonatan Stiven Caro Parra",5265,,,,
17136330,"ROGELIO CHAPARRO GOMEZ",5270,,,,
14197345,"LUIS EVELIO ROJAS CASTRO",5273,,,,
26940246,"MARTHA CECILIA CALDERON",5340,,,,
40371444,"ALBA RUBIDIA RESTREPO QUIÑONEZ",5374,,,,
9130861,"Hugo Alexi Padilla Rojas",5387,,,,
1085550447,"SAUL QUINTERO SANTANA",5427,,,,
14201759,"FERNANDO EMILIO TRIANA CARDOZO",5437,,,,
1047337348,"JESUS FARID GONZALEZ CASTRO",5440,,,,
3295658,"PROSPERO EMILIANO BAQUERO BARBOSA",5443,,,,
1069712044,"JAVIER OSWALDO VILLEGAS SILVA",5445,,,,
1143124237,"HENRY ALFONSO CANEDO DE ALBA",5450,,,,
1102359332,"John Arbey Toloza Villamizar",5473,,,,
86085636,"Oscar Ivan Diaz Carrillo",5478,,,,
1063948507,"Jesus Raul Castro Martinez",5483,,,,
1121944114,"Juan Carlos Trejos Garcia",5485,,,,
1047379137,"Arnold Antonio Avila Jaime",5493,,,,
21173153,"Nelly Moreno Rodriguez",5497,,,,
1065591264,"Freguis Enrique Rojas Suarez",5500,,,,
1067952671,"Carlos Dario Fuentes Hernandez",5501,,,,
1052998759,"Jhon Mario Arrieta Piñeres",5527,,,,
1067811303,"ISMAEL GUZMAN QUINTERO GELVIS",5530,,,,
1032428773,"Jose David Montenegro Rivera",5532,,,,
3296965,"EDGAR MARIO CAJIA MANCILLA",5563,,,,
1065575527,"Irwi Ricardo Valencia Nieto",5579,,,,
91340597,"OMAR LIZCANO TOLOZA",5586,,,,
1036134884,"STIVEN ALEJANDRO CIRO RIVERA",5605,,,,
1118861275,"Luis Francisco Echeverria Albis",5637,,,,
1082837828,"Mario Esteban Cuellar Manotas",5686,,,,
16375866,"Diego Fernando Viveros Rivas",5687,,,,
1082927138,"Jose luis Barraza Diaz",5696,,,,
1098657580,"Yury Judith Florez Valbuena",5706,,,,
1087191886,"CARLOS ANDRES VALENCIA PORTOCARRERO",5743,,,,
72286308,"Breiner Enrique Herrera Coronado",5761,,,,
1121845547,"Fredy Alexander Jacome Barreto",5769,,,,
1096512251,"Cristian Jose Cardenas Acosta",5786,,,,
65587466,"Monica Mape Navarro",5789,,,,
1122725316,"Norida Cristina Quesada Ramos",5795,,,,
1105679567,"JOSE MIGUEL GARCIA CALDERON",5801,,,,
1098407924,"Deissy Viviana Alvarez Reyes",5816,,,,
1094369835,"Fabian Alonso Angarita Espinosa",5838,,,,
88034412,"Carlos Adrian Gafaro Martinez",5839,,,,
21190362,"ISABEL ROBAYO ROBAYO",5857,,,,
5591988,"ALFREDO JULIO ESTRELLA SAENZ",5864,,,,
1082857044,"Pablo Emilio Gomez Carrillo",5880,,,,
1003167243,"Daniel Camilo Quintero Castro",5894,,,,
1113629939,"Fabian Andres Castaño Blandon",5904,,,,
21173153,"Nelly Moreno Rodriguez",5934,,,,
77094841,"Eduardo Yair Manjarres Pabon",5954,,,,
1102721937,"WILMAN BARRERA SOSA",5956,,,,
1106363178,"Fabio Duvan Timote Ducuara",5977,,,,
1081810925,"FERNANDO RAFAEL CORONADO MURILLO",5978,,,,
1065600088,"Leonardo Fabio Diaz Ortiz",5996,,,,
21179718,"YOLANDA ACOSTA",6001,,,,
86013428,"JUAN DAVID OSORIO OSPINA",6105,,,,
3295658,"PROSPERO EMILIANO BAQUERO BARBOSA",6069,,,,
1084744511,"LEONARDO ENRIQUE TAPIAS ESTRADA",6079,,,,
49783669,"YAMILES ESTHER CONTRERAS ROMERO",6129,,,,
1067402991,"NEDER JOSE OQUENDO DIAZ",6136,,,,
1006001897,"Carlos Arley Rodriguez Murillo",6143,,,,
41593143,"BLANCA CECILIA PARDO DE JULIO",6176,,,,
51808730,"Flor del Carmen Medina Martin",6206,,,,
21180482,"BLANCA CECILIA MALTE CARDENAS",6208,,,,
3079448,"Juan Efrain Arevalo Mejia",6220,,,,
20440714,"Maria Clara Luz Daza Gutierrez",6226,,,,
86077683,"HENRY GUZMAN SOLANO",6233,,,,
40410162,"Yazmin Gutierrez",6235,,,,
3295658,"PROSPERO EMILIANO BAQUERO BARBOSA",6257,,,,
49736974,"Celina Victoria Barrios Rangel",6265,,,,
1080180813,"Luis Fernando Hoyos Rios",6275,,,,
1006827277,"Jonathan Alexander Godoy Rivera",6278,,,,
1116544081,"Heyder Javier Cepeda Vanegas",6279,,,,
1064117290,"Javier Adolfo Martinez Lemus",6315,,,,
77190812,"Francisco javier Martinez Figueroa",6316,,,,
1094663586,"Ferley Yesid Sanchez Florez",6332,,,,
1004154049,"JUAN SEBASTIAN TRUJILLO PALOMINO",6339,,,,
1000901586,"Keyner Duban Ramos Ramos",6343,,,,
1105687999,"Rene Gongora Castro",6348,,,,
30939179,"Jaqueline Garcia Herrera",6349,,,,
21237990,"GLADYS VELASQUEZ DIAZ",6354,,,,
1020739344,"CHRISTIAN CAMILO BUITRAGO CESPEDES",6373,,,,
1065600144,"CRISTOBAL DE JESUS COBA PANTOJA",6390,,,,
17349600,"Ferney Martin Jaramillo Herrera",6420,,,,
77096152,"Luis Carlos Sierra Rodriguez",6457,,,,
86079117,"Miguel Andres Mican Mican",6483,,,,
1020715646,"Wilmer Benites Cifuentes",6486,,,,
86073864,"Emel Fernando Arias Alvarado",6488,,,,
91512580,"Elkin Mauricio Herrera Cardenas",6493,,,,
1094278650,"Brayan Alejandro Piñarete Gomez",6500,,,,
1065600955,"Dayner Xavier Villalba Escorcia",6501,,,,
1115740497,"Jaime Arnulfo Riscanevo Hernandez",6503,,,,
3206114,"ARQUIMEDES CONTRERAS RAMIREZ",6506,,,,
1022384755,"Arlinson Asprilla Palacios",6509,,,,
40401210,"MARGARITA DIAZ DE VARGAS",6512,,,,
1102380734,"Eduardo Gutierrez  Vargas",6522,,,,
6159658,"ORLANDO GARRIDO BELLO",6538,,,,
65585274,"BLANCA LIGIA GUZMAN GUZMAN",6542,,,,
1003801023,"BRAYAN ERNESTO MOSQUERA NARANJO",6589,,,,
1121948094,"FABIAN ALEXANDER REYES BARRERA",6618,,,,
1151203819,"Cristian Fabian Montenegro Arenas",6643,,,,
1067467114,"CARLOS MARIO MOSQUERA TUNUBALA",6671,,,,
1065661363,"Yeinson Jair Paz Perez",6732,,,,
1052066422,"Edwin Fernando Herazo Fontalvo",6739,,,,
1143114825,"Ubaldo Jose Palacios Mejia",6750,,,,
1062404820,"YORCELY PIERINA SALINAS HINOJOSA",6763,,,,
1085107563,"Gustavo Adolfo Morales Orozco",6790,,,,
1143354826,"Eimer Javier Jimenez Pacheco",6810,,,,
1083001489,"WENDY JOHANA DIAZ AVILA",6811,,,,
1131072649,"JHON FRAD ATENCIO FERNANDEZ",6812,,,,
1079184852,"Luis Fernando Sanchez Barrios",6836,,,,
1064315988,"Maer David Negrete Hernandez",6881,,,,
1110497618,"CAMILO ANDRES ECHEVERRY CAICEDO",6932,,,,
1090459050,"Willer Herney Botello Cotamo",6945,,,,
21228781,"TERESA DE JESUS PATERNINA  DE DUARTE",6951,,,,
1065138835,"LUIS DANIEL ALVAREZ TOBIAS",6967,,,,
1110559799,"Jessica Esmeralda Manchola Vega",6999,,,,
1098804589,"Diana Maria Arias Rojas",7014,,,,
74321135,"JOSE WILLAN SOLEDAD ESPINDOLA",7054,,,,
1083454672,"Jeison Enrique Carrillo Acuña",7098,,,,
1065610171,"CESAR ANDRES JACOME ASCANIO",7105,,,,
20633357,"JUDITH AYALA CAMACHO",7127,,,,
35424969,"YAMILE HERNANDEZ",7156,,,,
1118028952,"Jhon Mario Prieto Barragan",7165,,,,
1118857983,"Alexander Martinez Espitia",7185,,,,
1192751149,"Reinaldo de Jesus Meza Barreto",7207,,,,
77156815,"WILMAN DE JESUS POMARES GUERRERO",7208,,,,
17310944,"JESUS ANTONIO GUEVARA ACOSTA",7220,,,,
1045667387,"ALEX JOSE ESCORCIA PADILLA",7221,,,,
21245735,"JOAQUIN CHAGRES VALENCIA",7260,,,,
98659251,"Jesus Haris Palacios Cordoba",7276,,,,
3293558,"LUIS FRANCISCO FRANCO HERNANDEZ",7323,,,,
1065814744,"Miguel Angel Quintero Blanco",7344,,,,
13926191,"Alvaro Velazco Burgos",7394,,,,
21226633,"MYRIAM MERCEDES COHECHA DE RODRIGUEZ",7421,,,,
1033651602,"ALBEIRO TABORDA MORENO",7462,,,,
1042213991,"JHON FREDY ROJAS RODRIGUEZ",7503,,,,
1122121626,"Diego Fernando Oñate Santamaria",7582,,,,
73581750,"LUIS FELIPE NAVARRO VEGA",7636,,,,
91135404,"MILTON GOMEZ AVILA",7712,,,,
17320216,"JAIRO PEREZ MORA",7774,,,,
17304706,"GUILLERMO CHIVATA PEÑA",7895,,,,
17194486,"JOSE EDGAR PARDO",7912,,,,
34516283,"GLADYS MELLIZO VALENCIA",7938,,,,
17624200,"LUIS ALBERTO ARDILA ALVAREZ",7986,,,,
17419590,"FREDY WILLIAM FIERRO MOLANO",8062,,,,
20633357,"JUDITH AYALA CAMACHO",8178,,,,
39618444,"NELLY AZUCENA CORTES CANTOR",8293,,,,
20633357,"JUDITH AYALA CAMACHO",8295,,,,
